{
    "app": {
      "name": "Ng Alain Pro",
      "description": "Ng-zorro admin panel front-end framework"
    },
    "user": {
      "name": "Admin",
      "avatar": "./assets/tmp/img/avatar.jpg",
      "email": "cipchk@qq.com"
    },
    "menu": [
      {
        "text": "主导航",
        "i18n": "menu.main",
        "group": true,
        "hideInBreadcrumb": true,
        "children": [
          {
            "text": "仪表盘",
            "i18n": "menu.dashboard",
            "icon": "anticon anticon-dashboard",
            "link": "/dashboard"
          },
          {
            "text": "快捷菜单",
            "i18n": "menu.shortcut",
            "icon": "anticon anticon-rocket",
            "shortcutRoot": true,
            "children": []
          }
        ]
      },
      {
        "text": "Pages",
        "i18n": "menu.pages",
        "group": true,
        "hideInBreadcrumb": true,
        "children": [
          {
            "text": "E-commerce",
            "i18n": "menu.ec",
            "icon": "anticon anticon-shopping-cart",
            "children": [
              {
                "text": "Ware",
                "link": "/ec/ware",
                "i18n": "menu.ec.ware",
                "reuse": true
              },
              {
                "text": "Trade1",
                "link": "/ec/trade1",
                "i18n": "menu.ec.trade1",
                "reuse": true
              },
              {
                "text": "Trade2",
                "link": "/ec/trade2",
                "i18n": "menu.ec.trade2",
                "reuse": true
              },
              {
                "text": "Trade3",
                "link": "/ec/trade3",
                "i18n": "menu.ec.trade3",
                "reuse": true
              },
              {
                "text": "Trade4",
                "link": "/ec/trade4",
                "i18n": "menu.ec.trade4",
                "reuse": true
              },
              {
                "text": "Trade5",
                "link": "/ec/trade5",
                "i18n": "menu.ec.trade5",
                "reuse": true
              },
              {
                "text": "Trade6",
                "link": "/ec/trade6",
                "i18n": "menu.ec.trade6",
                "reuse": true
              },
              {
                "text": "Trade",
                "link": "/ec/trade",
                "i18n": "menu.ec.trade",
                "reuse": true
              }
            ]
          },
          {
            "text": "Pages",
            "i18n": "menu.pages",
            "icon": "anticon anticon-profile",
            "children": [
              {
                "text": "article",
                "link": "/other/article",
                "i18n": "menu.other.article"
              },
              {
                "text": "forum",
                "link": "/other/forum",
                "i18n": "menu.other.forum"
              },
              {
                "text": "email",
                "link": "/other/email",
                "i18n": "menu.other.email"
              },
              {
                "text": "project",
                "link": "/other/project",
                "i18n": "menu.other.project"
              },
              {
                "text": "client",
                "link": "/other/client",
                "i18n": "menu.other.client"
              },
              {
                "text": "contact",
                "link": "/other/contact",
                "i18n": "menu.other.contact"
              },
              {
                "text": "billing",
                "link": "/other/billing",
                "i18n": "menu.other.billing"
              },
              {
                "text": "course",
                "link": "/other/course",
                "i18n": "menu.other.course"
              },
              {
                "text": "chat",
                "link": "/other/chat",
                "i18n": "menu.other.chat"
              },
              {
                "text": "calendar",
                "i18n": "menu.other.calendar",
                "children": [
                  {
                    "text": "Basic Calendar",
                    "link": "/other/calendar/basic",
                    "i18n": "menu.other.calendar.basic"
                  },
                  {
                    "text": "List View",
                    "link": "/other/calendar/list",
                    "i18n": "menu.other.calendar.list"
                  },
                  {
                    "text": "Events",
                    "link": "/other/calendar/events",
                    "i18n": "menu.other.calendar.events"
                  }
                ]
              },
              {
                "text": "FAQ",
                "i18n": "menu.other.faq",
                "children": [
                  {
                    "text": "FAQ v1",
                    "link": "/other/faq/v1",
                    "i18n": "menu.other.faq.v1"
                  },
                  {
                    "text": "FAQ v2",
                    "link": "/other/faq/v2",
                    "i18n": "menu.other.faq.v2"
                  },
                  {
                    "text": "FAQ v3",
                    "link": "/other/faq/v3",
                    "i18n": "menu.other.faq.v3"
                  }
                ]
              },
              {
                "text": "kanban-board",
                "link": "/other/kanban-board",
                "i18n": "menu.other.kanban-board"
              },
              {
                "text": "task",
                "link": "/other/task",
                "i18n": "menu.other.task"
              },
              {
                "text": "pricing",
                "link": "/other/pricing",
                "i18n": "menu.other.pricing"
              },
              {
                "text": "gallery",
                "link": "/other/gallery",
                "i18n": "menu.other.gallery"
              },
              {
                "text": "voting",
                "link": "/other/voting",
                "i18n": "menu.other.voting"
              },
              {
                "text": "invoice",
                "link": "/other/invoice",
                "i18n": "menu.other.invoice"
              },
              {
                "text": "Maps",
                "i18n": "menu.map",
                "children": [
                  {
                    "text": "google",
                    "link": "/map/google",
                    "i18n": "menu.map.google"
                  },
                  {
                    "text": "baidu",
                    "link": "/map/baidu",
                    "i18n": "menu.map.baidu"
                  }
                ]
              }
            ]
          },
          {
            "text": "file",
            "i18n": "menu.file",
            "icon": "anticon anticon-file",
            "children": [
              {
                "text": "docx",
                "link": "/file/docx",
                "i18n": "menu.file.docx"
              },
              {
                "text": "xlsx",
                "link": "/file/xlsx",
                "i18n": "menu.file.xlsx"
              },
              {
                "text": "pdf",
                "link": "/file/pdf",
                "i18n": "menu.file.pdf"
              }
            ]
          },
          {
            "text": "chart",
            "i18n": "menu.chart",
            "icon": "anticon anticon-pie-chart",
            "children": [
              {
                "text": "g2",
                "link": "/chart/g2",
                "i18n": "menu.chart.g2"
              },
              {
                "text": "ngx-charts",
                "link": "/chart/ngx-charts",
                "i18n": "menu.chart.ngx-charts"
              },
              {
                "text": "ngx-trend",
                "link": "/chart/ngx-trend",
                "i18n": "menu.chart.ngx-trend"
              },
              {
                "text": "mermaid",
                "link": "/chart/mermaid",
                "i18n": "menu.chart.mermaid"
              },
              {
                "text": "gantt",
                "link": "/chart/gantt",
                "i18n": "menu.chart.gantt"
              }
            ]
          }
        ]
      }
    ]
  }
  